{
  "mse": 3.537526845932007,
  "rmse": 1.8808314241132849,
  "mae": 1.4800162315368652,
  "r2": 0.14075160026550293
}