{
  "train_loss": [
    27.58387025197347,
    21.359541654586792,
    17.26253604888916,
    14.026331265767416,
    10.738988002141317,
    7.502819299697876,
    5.395995000998179,
    4.106112132469813,
    3.9075073997179666,
    2.847134292125702,
    2.9158844351768494,
    3.0435350040594735,
    2.9335624823967614,
    2.9364828864733377,
    2.7297532161076865,
    3.4834741353988647,
    3.5187581280867257,
    3.4545554916063943,
    2.5873380104700723,
    3.0664991637070975,
    4.302738010883331,
    2.512771020332972,
    2.1766253610452018,
    2.635778824488322,
    4.0246330598990125,
    3.19021075963974,
    2.9481296439965567,
    2.4209359188874564,
    3.0655571619669595,
    2.4067081610361734,
    3.360335369904836,
    2.38659530878067,
    2.152464429537455,
    2.0521446665128074,
    2.602551132440567,
    2.366506656010946,
    2.279563844203949,
    2.3431058128674827,
    2.2257301807403564,
    2.4117879966894784,
    2.1928251882394156,
    1.634499430656433,
    1.9534990017612774,
    1.515503962834676,
    2.07785897453626,
    1.9955042997996013,
    1.9721646308898926,
    1.9109174211819966,
    1.3601962228616078,
    1.7025227944056194,
    2.271268477042516,
    1.6228065739075344,
    1.5458374669154484,
    2.1429610376556716,
    1.1034322480360668,
    1.3050727397203445,
    0.9888884325822195,
    1.8726091757416725,
    1.5536023353536923,
    1.4671619286139805,
    0.9219027186433474,
    1.0477907806634903,
    1.5065251390139263,
    1.02787347137928,
    1.8683883423606555,
    1.3237763543923695,
    1.1477392030258973,
    1.3303732872009277,
    1.544025922815005
  ],
  "val_loss": [
    34.95785026550293,
    33.819532012939455,
    30.10245704650879,
    20.81685447692871,
    11.090715026855468,
    7.23765230178833,
    5.25408296585083,
    4.2996831893920895,
    3.8928333282470704,
    3.594801902770996,
    3.0700143575668335,
    2.977918004989624,
    3.315942907333374,
    3.3074466705322267,
    3.215291738510132,
    3.119262170791626,
    2.77593879699707,
    2.9904336452484133,
    2.9763758420944213,
    2.7073517560958864,
    2.780831813812256,
    2.997495412826538,
    2.968740725517273,
    2.914682483673096,
    2.8814024925231934,
    2.9583271741867065,
    2.8668384552001953,
    2.8598844051361083,
    2.923937177658081,
    2.85421769618988,
    2.555182862281799,
    2.396904230117798,
    3.0434939861297607,
    4.462678241729736,
    2.6350725650787354,
    3.4115899324417116,
    4.148155307769775,
    4.007562494277954,
    2.1278426885604858,
    3.167597246170044,
    2.891948413848877,
    3.404390239715576,
    2.6847386360168457,
    3.4794806480407714,
    2.7529967784881593,
    3.5431431770324706,
    3.2001444339752196,
    2.631156396865845,
    2.6774534702301027,
    2.696278214454651,
    3.4926198959350585,
    3.0394867181777956,
    2.722277212142944,
    2.7216206550598145,
    2.584837484359741,
    2.7367779493331907,
    2.8357991695404055,
    2.5499672651290894,
    3.0416338205337525,
    2.4325541973114015,
    2.544483113288879,
    2.6977035999298096,
    2.596613645553589,
    2.3784274578094484,
    2.426939916610718,
    2.5002975940704344,
    2.4355895280838014,
    2.573150110244751,
    2.4423258304595947
  ],
  "train_mae": [
    5.424626350402832,
    5.328586101531982,
    5.00098991394043,
    4.0303215980529785,
    2.6301846504211426,
    1.830486536026001,
    1.5543509721755981,
    1.4400025606155396,
    1.3624062538146973,
    1.3313559293746948,
    1.2639528512954712,
    1.223096489906311,
    1.2360535860061646,
    1.2246993780136108,
    1.2200725078582764,
    1.174770712852478,
    1.1515485048294067,
    1.1311970949172974,
    1.1197034120559692,
    1.1027894020080566,
    1.0883599519729614,
    1.0978401899337769,
    1.0824652910232544,
    1.071764349937439,
    1.0545233488082886,
    1.0544235706329346,
    1.0512396097183228,
    1.0465526580810547,
    1.046209454536438,
    1.0445250272750854,
    1.0168331861495972,
    0.9906017780303955,
    0.9814290404319763,
    1.2252421379089355,
    0.9562127590179443,
    1.0333162546157837,
    1.469985008239746,
    1.0785126686096191,
    0.9197567701339722,
    0.8072419166564941,
    0.7594416737556458,
    0.8097529411315918,
    0.716856062412262,
    0.8305107355117798,
    0.6988295316696167,
    1.065239429473877,
    0.752533495426178,
    0.6200228333473206,
    0.6508087515830994,
    0.7488887906074524,
    0.8533473610877991,
    0.7244636416435242,
    0.6025343537330627,
    0.576998770236969,
    0.6110607981681824,
    0.5658972859382629,
    0.6131752729415894,
    0.5502396821975708,
    0.6432387232780457,
    0.5160006284713745,
    0.5052075982093811,
    0.5162854790687561,
    0.5447810888290405,
    0.49216794967651367,
    0.48356249928474426,
    0.5116965770721436,
    0.4673827290534973,
    0.49685174226760864,
    0.488553524017334
  ],
  "val_mae": [
    5.795089244842529,
    5.695488452911377,
    5.35251522064209,
    4.3552937507629395,
    2.942322015762329,
    2.262389898300171,
    1.9125968217849731,
    1.7042032480239868,
    1.6243613958358765,
    1.530772089958191,
    1.4627995491027832,
    1.420500636100769,
    1.5298551321029663,
    1.534467339515686,
    1.5021655559539795,
    1.490559458732605,
    1.3917628526687622,
    1.4659547805786133,
    1.4575951099395752,
    1.4013468027114868,
    1.4107624292373657,
    1.470663070678711,
    1.467854380607605,
    1.4532954692840576,
    1.4450860023498535,
    1.4656829833984375,
    1.4411749839782715,
    1.4400856494903564,
    1.44777512550354,
    1.438965082168579,
    1.3409894704818726,
    1.3074356317520142,
    1.4805926084518433,
    1.681469440460205,
    1.3822118043899536,
    1.480298638343811,
    1.700706124305725,
    1.6759259700775146,
    1.2512238025665283,
    1.4647103548049927,
    1.4322547912597656,
    1.5660454034805298,
    1.3721591234207153,
    1.53861665725708,
    1.3963475227355957,
    1.4782642126083374,
    1.4814943075180054,
    1.3315589427947998,
    1.3180004358291626,
    1.2678370475769043,
    1.5129826068878174,
    1.3762640953063965,
    1.302935004234314,
    1.3370128870010376,
    1.243456244468689,
    1.3784846067428589,
    1.282738447189331,
    1.3357822895050049,
    1.4047960042953491,
    1.2578178644180298,
    1.2947351932525635,
    1.2934731245040894,
    1.3216623067855835,
    1.243575930595398,
    1.2603684663772583,
    1.2654578685760498,
    1.2499228715896606,
    1.268283724784851,
    1.2575782537460327
  ],