{
  "train_mse": 1.2748180627822876,
  "train_mae": 0.9197567701339722,
  "train_rmse": 1.1290784130352893,
  "train_r2": 0.5782501101493835,
  "val_mse": 2.1573832035064697,
  "val_mae": 1.2512238025665283,
  "val_rmse": 1.468803323629978,
  "val_r2": -0.03582751750946045,
  "mse": 4.074770450592041,
  "mae": 1.6859643459320068,
  "rmse": 2.018606066222937,
  "r2": 0.010257720947265625,
  "test_mse": 4.074770450592041,
  "test_mae": 1.6859643459320068,
  "test_rmse": 2.018606066222937,
  "test_r2": 0.010257720947265625
}