{
  "train_loss": [
    26.637734413146973,
    20.012511173884075,
    15.438768148422241,
    11.54394801457723,
    7.806540369987488,
    4.975673695405324,
    3.4578212002913156,
    3.51423043012619,
    3.2993638018767038,
    3.3077622652053833,
    2.966007947921753,
    3.323801020781199,
    2.3718396623929343,
    2.4656255642573037,
    1.9223925272623699,
    1.9203741351763408,
    2.5521651407082877,
    2.331717401742935,
    2.255616466204325,
    1.7444347242514293,
    2.1677039762338004,
    2.061902344226837,
    2.1977028250694275
  ],
  "val_loss": [
    33.197268676757815,
    31.58216323852539,
    26.100037384033204,
    14.525567626953125,
    6.485532665252686,
    4.32744574546814,
    2.670981931686401,
    2.565799379348755,
    2.4871836423873903,
    2.843379831314087,
    2.45183744430542,
    2.75207142829895,
    2.3880836009979247,
    2.7946618795394897,
    2.514946389198303,
    2.8833516120910643,
    2.5811403036117553,
    3.078862166404724,
    2.8636905670166017,
    2.9742849111557006,
    2.685913562774658,
    2.936537170410156,
    3.021323537826538
  ],
  "train_mae": [
    5.270288944244385,
    5.128441333770752,
    4.6048583984375,
    3.262974739074707,
    1.9460458755493164,
    1.5005451440811157,
    1.2719852924346924,
    1.249746561050415,
    1.2006760835647583,
    1.1791547536849976,
    1.1676164865493774,
    1.1471196413040161,
    1.0816932916641235,
    1.0993891954421997,
    1.0171263217926025,
    0.9999651908874512,
    0.9640817642211914,
    0.991306483745575,
    0.945868968963623,
    0.9089135527610779,
    0.8769180774688721,
    0.8664805889129639,
    0.8621400594711304
  ],
  "val_mae": [
    5.6387248039245605,
    5.492347240447998,
    4.966970920562744,
    3.5972492694854736,
    2.2280666828155518,
    1.7875783443450928,
    1.3952583074569702,
    1.3635740280151367,
    1.3599809408187866,
    1.4816792011260986,
    1.3486162424087524,
    1.417560338973999,
    1.3125572204589844,
    1.4621686935424805,
    1.3556803464889526,
    1.4237412214279175,
    1.367668867111206,
    1.4811491966247559,
    1.4169315099716187,
    1.4346275329589844,
    1.367288589477539,
    1.4248790740966797,
    1.4409434795379639
  ],
  "train_r2": [
    -9.18704605102539,
    -8.69069766998291,
    -6.958685874938965,
    -3.408155918121338,
    -0.8753519058227539,
    -0.15829765796661377,
    0.20128268003463745,
    0.22570836544036865,
    0.279110312461853,
    0.30151087045669556,
    0.32511478662490845,
    0.35739433765411377,
    0.41178053617477417,
    0.41030293703079224,
    0.4721584916114807,
    0.49381256103515625,
    0.5209836959838867,
    0.49766504764556885,
    0.5410113334655762,
    0.5761533975601196,
    0.5988644361495972,
    0.6138772964477539,
    0.6119351387023926
  ],
  "val_r2": [
    -15.260194778442383,
    -14.446659088134766,
    -11.771613121032715,
    -6.10646915435791,
    -2.2314798831939697,
    -1.1949830055236816,
    -0.32188236713409424,
    -0.2997013330459595,
    -0.27476489543914795,
    -0.4350016117095947,
    -0.22407102584838867,
    -0.3512622117996216,
    -0.1834925413131714,
    -0.43360984325408936,
    -0.275378942489624,
    -0.45502638816833496,
    -0.31547582149505615,
    -0.5997819900512695,
    -0.4610978364944458,
    -0.5222189426422119,
    -0.36214685440063477,
    -0.4999173879623413,
    -0.5375914573669434
  ],
  "lr": [
    0.0004986304738420684,
    0.0004945369001834514,
    0.0004877641290737884,
    0.0004783863644106502,
    0.00046650635094610973,
    0.0004522542485937369,
    0.00043578620636934855,
    0.0004172826515897146,
    0.0003969463130731183,
    0.000375,
    0.0003516841607689501,
    0.00032725424859373687,
    0.0003019779227044398,
    0.0002761321158169134,
    0.00025000000000000006,
    0.00022386788418308668,
    0.00019802207729556015,
    0.00017274575140626317,
    0.00014831583923105,
    0.00012500000000000006,
    0.00010305368692688174,
    8.271734841028553e-05,
    6.42137936306515e-05
  ]
}