{
  "train_mse": 1.7780033349990845,
  "train_mae": 1.0816932916641235,
  "train_rmse": 1.3334179146085763,
  "train_r2": 0.41178059577941895,
  "val_mse": 2.4649343490600586,
  "val_mae": 1.3125572204589844,
  "val_rmse": 1.5700109391529915,
  "val_r2": -0.1834925413131714,
  "mse": 4.901443004608154,
  "mae": 1.8204424381256104,
  "rmse": 2.213920279641558,
  "r2": -0.19053709506988525,
  "test_mse": 4.901443004608154,
  "test_mae": 1.8204424381256104,
  "test_rmse": 2.213920279641558,
  "test_r2": -0.19053709506988525
}