{
  "train_mse": 2.2366349697113037,
  "train_mae": 1.2217689752578735,
  "train_rmse": 1.4955383544768432,
  "train_r2": 0.26005077362060547,
  "val_mse": 1.9924272298812866,
  "val_mae": 1.2180383205413818,
  "val_rmse": 1.4115336446154185,
  "val_r2": 0.043373048305511475,
  "mse": 4.3414201736450195,
  "mae": 1.8329997062683105,
  "rmse": 2.083607490302581,
  "r2": -0.05451023578643799,
  "test_mse": 4.3414201736450195,
  "test_mae": 1.8329997062683105,
  "test_rmse": 2.083607490302581,
  "test_r2": -0.05451023578643799
}