{
  "train_loss": [
    24.354501644770306,
    12.713326692581177,
    6.059972604115804,
    5.347034255663554,
    5.0848144094149275,
    4.89836706717809,
    5.237669944763184,
    4.774069567521413,
    4.679620643456777,
    5.141486008961995,
    5.04032164812088,
    5.037992338339488,
    4.730653127034505,
    4.495033065478007,
    4.20227434237798,
    3.7670370241006217,
    4.400873124599457,
    3.360159228245417,
    4.266338090101878,
    3.2881580789883933,
    3.605422000090281,
    3.229473372300466,
    3.510768155256907,
    3.1341777245203652
  ],
  "val_loss": [
    33.254225158691405,
    22.34873161315918,
    5.773060512542725,
    4.329629802703858,
    3.5317424297332765,
    3.9287014484405516,
    3.0592522621154785,
    3.0962643146514894,
    2.905539846420288,
    2.9142704963684083,
    2.7706641435623167,
    2.6697234153747558,
    2.993635129928589,
    2.508052921295166,
    3.306091547012329,
    3.8993797302246094,
    2.8536489725112917,
    3.7254236221313475,
    3.1207298278808593,
    2.638226294517517,
    2.832595777511597,
    2.6901952743530275,
    3.387909698486328,
    2.5444294929504396
  ],
  "train_mae": [
    5.280216217041016,
    4.177452564239502,
    1.654755711555481,
    1.4997954368591309,
    1.394641637802124,
    1.4613680839538574,
    1.2963653802871704,
    1.2578290700912476,
    1.2608989477157593,
    1.253750205039978,
    1.2235993146896362,
    1.1917401552200317,
    1.1791962385177612,
    1.1966278553009033,
    1.3063186407089233,
    1.1108773946762085,
    1.0501914024353027,
    1.1018116474151611,
    1.1007503271102905,
    0.9969396591186523,
    0.9230048656463623,
    0.8621355891227722,
    1.026234745979309,
    0.8419451713562012
  ],
  "val_mae": [
    5.644165992736816,
    4.541844367980957,
    1.9995003938674927,
    1.661919116973877,
    1.5721518993377686,
    1.6977341175079346,
    1.510017991065979,
    1.4909536838531494,
    1.4376318454742432,
    1.4398788213729858,
    1.4534417390823364,
    1.4132814407348633,
    1.3893918991088867,
    1.3426454067230225,
    1.5661306381225586,
    1.5689448118209839,
    1.4008320569992065,
    1.6528812646865845,
    1.509854793548584,
    1.2673052549362183,
    1.4069010019302368,
    1.3674616813659668,
    1.5191621780395508,
    1.3225514888763428
  ],
  "train_r2": [
    -9.216712951660156,
    -5.752140998840332,
    -0.37030458450317383,
    -0.1973634958267212,
    -0.007529258728027344,
    -0.13697922229766846,
    0.1075063943862915,
    0.15380847454071045,
    0.1676749587059021,
    0.17311328649520874,
    0.2140442132949829,
    0.28668832778930664,
    0.3066168427467346,
    0.29988497495651245,
    0.1412455439567566,
    0.35610318183898926,
    0.43043607473373413,
    0.3784152865409851,
    0.3907189965248108,
    0.5192627906799316,
    0.5730578303337097,
    0.6232359409332275,
    0.4593009352684021,
    0.6309928894042969
  ],
  "val_r2": [
    -15.266408920288086,
    -9.851762771606445,
    -1.747283697128296,
    -0.892417311668396,
    -0.7155481576919556,
    -1.011017084121704,
    -0.5466028451919556,
    -0.48613154888153076,
    -0.40354251861572266,
    -0.4067736864089966,
    -0.42128896713256836,
    -0.35298752784729004,
    -0.3236926794052124,
    -0.2704622745513916,
    -0.717797040939331,
    -0.7313306331634521,
    -0.32687854766845703,
    -0.7825251817703247,
    -0.5315617322921753,
    -0.15182137489318848,
    -0.3699404001235962,
    -0.3097712993621826,
    -0.7252871990203857,
    -0.21099460124969482
  ],
  "lr": [
    0.0009755282581475768,
    0.0009045084971874737,
    0.0007938926261462367,
    0.0006545084971874737,
    0.0005,
    0.00034549150281252633,
    0.00020610737385376348,
    9.549150281252633e-05,
    2.4471741852423235e-05,
    0.001,
    0.0009938441702975688,
    0.0009755282581475768,
    0.0009455032620941839,
    0.0009045084971874737,
    0.0008535533905932737,
    0.0007938926261462367,
    0.0007269952498697733,
    0.0006545084971874737,
    0.0005782172325201155,
    0.0005,
    0.0004217827674798847,
    0.00034549150281252633,
    0.00027300475013022663,
    0.00020610737385376348
  ]
}