{
  "train_mse": 2.1162288188934326,
  "train_mae": 1.1966278553009033,
  "train_rmse": 1.4547263725159563,
  "train_r2": 0.29988497495651245,
  "val_mse": 2.646071672439575,
  "val_mae": 1.3426454067230225,
  "val_rmse": 1.626675035905935,
  "val_r2": -0.2704622745513916,
  "mse": 4.997199058532715,
  "mae": 1.8804192543029785,
  "rmse": 2.2354415802102086,
  "r2": -0.21379590034484863,
  "test_mse": 4.997199058532715,
  "test_mae": 1.8804192543029785,
  "test_rmse": 2.2354415802102086,
  "test_r2": -0.21379590034484863
}