{
  "train_loss": [
    23.675230662027996,
    14.64251414934794,
    9.225451747576395,
    5.120637933413188,
    6.48742002248764,
    5.247266451517741,
    4.82202277580897,
    5.228060821692149,
    4.4438879291216535,
    4.178346494833629,
    4.380541761716207,
    4.7596368988355,
    4.551378826300303,
    3.7469842632611594,
    3.7582065065701804,
    3.7750103871027627
  ],
  "val_loss": [
    31.786222839355467,
    24.020615768432616,
    8.674921798706055,
    3.2555291652679443,
    3.0225740909576415,
    2.866796922683716,
    3.283084678649902,
    3.2964690208435057,
    3.294479179382324,
    3.2652066707611085,
    3.462836217880249,
    3.7202633380889893,
    3.065839433670044,
    3.432354974746704,
    3.506092357635498,
    2.902439832687378
  ],
  "train_mae": [
    5.150820255279541,
    4.39833402633667,
    2.1302618980407715,
    1.3175948858261108,
    1.228250503540039,
    1.2551493644714355,
    1.2044051885604858,
    1.1974990367889404,
    1.2038636207580566,
    1.1873599290847778,
    1.2521114349365234,
    1.2246930599212646,
    1.103348970413208,
    1.1703295707702637,
    1.0949252843856812,
    1.049692153930664
  ],
  "val_mae": [
    5.5106353759765625,
    4.740803241729736,
    2.513763427734375,
    1.5139281749725342,
    1.4691498279571533,
    1.4130115509033203,
    1.5446782112121582,
    1.5646311044692993,
    1.5601191520690918,
    1.5630522966384888,
    1.587148904800415,
    1.6214882135391235,
    1.4657868146896362,
    1.5170817375183105,
    1.615838646888733,
    1.4491859674453735
  ],
  "train_r2": [
    -8.77278995513916,
    -6.337705135345459,
    -1.1735856533050537,
    0.1355929970741272,
    0.21710306406021118,
    0.21310055255889893,
    0.22356420755386353,
    0.2166079878807068,
    0.21684390306472778,
    0.23990219831466675,
    0.19989150762557983,
    0.23331600427627563,
    0.3518085479736328,
    0.3127943277359009,
    0.38257521390914917,
    0.4383584260940552
  ],
  "val_r2": [
    -14.55563735961914,
    -10.719554901123047,
    -3.1497135162353516,
    -0.5592164993286133,
    -0.4831506013870239,
    -0.35707366466522217,
    -0.6010340452194214,
    -0.6626460552215576,
    -0.6589028835296631,
    -0.6404356956481934,
    -0.7543309926986694,
    -0.7411038875579834,
    -0.43343281745910645,
    -0.6424849033355713,
    -0.7428059577941895,
    -0.45892417430877686
  ],
  "lr": [
    0.0009755282581475768,
    0.0009045084971874737,
    0.0007938926261462367,
    0.0006545084971874737,
    0.0005,
    0.00034549150281252633,
    0.00020610737385376348,
    9.549150281252633e-05,
    2.4471741852423235e-05,
    0.001,
    0.0009938441702975688,
    0.0009755282581475768,
    0.0009455032620941839,
    0.0009045084971874737,
    0.0008535533905932737,
    0.0007938926261462367
  ]
}