{
  "train_mse": 2.3785507678985596,
  "train_mae": 1.2551496028900146,
  "train_rmse": 1.5422550917077757,
  "train_r2": 0.2131006121635437,
  "val_mse": 2.826462984085083,
  "val_mae": 1.4130115509033203,
  "val_rmse": 1.6812087865833567,
  "val_r2": -0.35707366466522217,
  "mse": 4.608300685882568,
  "mae": 1.79813551902771,
  "rmse": 2.146695294139941,
  "r2": -0.11933434009552002,
  "test_mse": 4.608300685882568,
  "test_mae": 1.79813551902771,
  "test_rmse": 2.146695294139941,
  "test_r2": -0.11933434009552002
}