{
  "mse": 46.347694396972656,
  "rmse": 6.807914100293324,
  "mae": 6.399873733520508,
  "r2": -7.579063415527344
}