{
  "train_loss": [
    21.114765167236328,
    11.309049367904663,
    5.300187389055888,
    3.7735483149687448,
    3.864832321802775,
    2.8137788275877633,
    2.5278952519098916,
    3.0489688217639923,
    2.6355222364266715,
    2.6326418618361154,
    3.1344995399316153,
    2.5918442805608115,
    2.871090054512024,
    2.1056385735670724,
    2.1752968231836953,
    1.9405845204989116,
    1.8803665141264598
  ],
  "val_loss": [
    33.10662689208984,
    24.497142791748047,
    9.932127475738525,
    4.09096941947937,
    2.886626434326172,
    3.4482780575752257,
    2.366807723045349,
    2.663823199272156,
    3.0534510731697084,
    2.6767929553985597,
    2.8726187705993653,
    3.1315754890441894,
    2.6215725421905516,
    2.7886828422546386,
    2.958807849884033,
    2.7404555559158323,
    2.9115468740463255
  ],
  "train_mae": [
    5.254260063171387,
    4.330753803253174,
    2.319591760635376,
    1.4023367166519165,
    1.2440986633300781,
    1.3300445079803467,
    1.1793261766433716,
    1.1261240243911743,
    1.2295377254486084,
    1.1022694110870361,
    1.0536874532699585,
    1.1134612560272217,
    1.097182273864746,
    1.0087473392486572,
    1.0582276582717896,
    1.016554355621338,
    0.9909647107124329
  ],
  "val_mae": [
    5.63264274597168,
    4.783936500549316,
    2.7988510131835938,
    1.7433182001113892,
    1.428234338760376,
    1.5916674137115479,
    1.2988005876541138,
    1.3514083623886108,
    1.4692599773406982,
    1.338051199913025,
    1.3883858919143677,
    1.4723224639892578,
    1.3374897241592407,
    1.3136205673217773,
    1.4354666471481323,
    1.251107931137085,
    1.4305474758148193
  ],
  "train_r2": [
    -9.12658405303955,
    -6.16650390625,
    -1.5281331539154053,
    0.02425241470336914,
    0.19343197345733643,
    0.06622624397277832,
    0.31454920768737793,
    0.33962321281433105,
    0.2454734444618225,
    0.41967451572418213,
    0.4364684224128723,
    0.3874194025993347,
    0.39311671257019043,
    0.4664134383201599,
    0.4286156892776489,
    0.4756988286972046,
    0.4990960359573364
  ],
  "val_r2": [
    -15.204591751098633,
    -10.946675300598145,
    -4.00989294052124,
    -1.1531705856323242,
    -0.5221110582351685,
    -0.861803412437439,
    -0.18812811374664307,
    -0.3177608251571655,
    -0.6440688371658325,
    -0.3268420696258545,
    -0.44482696056365967,
    -0.6178910732269287,
    -0.3802858591079712,
    -0.3193432092666626,
    -0.5669852495193481,
    -0.2244793176651001,
    -0.5434889793395996
  ],
  "lr": [
    0.0004986304738420684,
    0.0004945369001834514,
    0.0004877641290737884,
    0.0004783863644106502,
    0.00046650635094610973,
    0.0004522542485937369,
    0.00043578620636934855,
    0.0004172826515897146,
    0.0003969463130731183,
    0.000375,
    0.0003516841607689501,
    0.00032725424859373687,
    0.0003019779227044398,
    0.0002761321158169134,
    0.00025000000000000006,
    0.00022386788418308668,
    0.00019802207729556015
  ]
}