{
  "train_mse": 2.0719034671783447,
  "train_mae": 1.1793261766433716,
  "train_rmse": 1.4394108055653692,
  "train_r2": 0.31454920768737793,
  "val_mse": 2.4745893478393555,
  "val_mae": 1.2988005876541138,
  "val_rmse": 1.5730827530169402,
  "val_r2": -0.18812811374664307,
  "mse": 5.354820251464844,
  "mae": 1.895003318786621,
  "rmse": 2.314048454865378,
  "r2": -0.30066025257110596,
  "test_mse": 5.354820251464844,
  "test_mae": 1.895003318786621,
  "test_rmse": 2.314048454865378,
  "test_r2": -0.30066025257110596
}