{
  "train_loss": [
    24.166924158732098,
    14.886505285898844,
    7.845117052396138,
    4.020564377307892,
    3.586023271083832,
    2.701332320769628,
    2.7432778577009835,
    2.631582717100779,
    3.2202830413977304,
    2.3507590293884277,
    2.638574868440628,
    2.900616079568863,
    2.735287273923556,
    2.5613410572210946,
    2.2392648259798684,
    3.002023776372274,
    3.0340285897254944,
    2.825364122788111,
    1.9861987829208374,
    2.5876316924889884,
    3.707429031531016,
    2.379989504814148,
    1.7241887350877125,
    1.9539748926957448,
    3.5343560874462128,
    2.6013710349798203,
    2.1146783381700516,
    1.569842164715131,
    1.8666391372680664,
    1.3534822290142376,
    2.5835215946038566,
    2.013399437069893,
    1.5679907649755478,
    1.5642226884762447,
    1.8091049989064534,
    1.521319215496381,
    1.3732021500666935,
    1.236395239830017,
    1.3083312461773555,
    1.2346768553058307,
    1.914897235731284,
    1.271111249923706,
    1.5621092369159062
  ],
  "val_loss": [
    33.9603458404541,
    25.950603103637697,
    12.948061180114745,
    4.480304336547851,
    2.8522910118103026,
    2.7714836597442627,
    2.804433298110962,
    2.848873996734619,
    2.8661261081695555,
    2.9159913778305055,
    2.639176082611084,
    3.570573902130127,
    2.427934503555298,
    3.3850297927856445,
    2.6484552383422852,
    2.817482423782349,
    3.182585430145264,
    2.8304648399353027,
    2.9340579509735107,
    2.8445180892944335,
    5.849525737762451,
    3.202247667312622,
    2.8780615091323853,
    5.608867502212524,
    2.5280784130096436,
    3.5189221858978272,
    3.298240876197815,
    2.642789030075073,
    2.8734503030776977,
    2.8329506874084474,
    2.7652990341186525,
    3.428296136856079,
    3.2026986122131347,
    3.6053114414215086,
    3.0780055999755858,
    2.6833457946777344,
    3.2579970836639403,
    3.2729663848876953,
    2.9170012950897215,
    2.928231143951416,
    2.5750981330871583,
    2.885883331298828,
    3.1332804203033446
  ],
  "train_mae": [
    5.339494228363037,
    4.574373245239258,
    2.822667121887207,
    1.4901037216186523,
    1.3415552377700806,
    1.2644792795181274,
    1.2343589067459106,
    1.2272146940231323,
    1.222018837928772,
    1.2215213775634766,
    1.2082602977752686,
    1.2357780933380127,
    1.2089473009109497,
    1.1568162441253662,
    0.990822434425354,
    0.9755854606628418,
    0.9823710322380066,
    0.879182755947113,
    0.8685680627822876,
    0.8711232542991638,
    1.5714507102966309,
    1.023695945739746,
    0.8377975821495056,
    1.2399160861968994,
    0.8277292251586914,
    0.7964538335800171,
    0.7586454749107361,
    0.6827914714813232,
    0.6729454398155212,
    0.6666809320449829,
    0.7929940819740295,
    0.7382272481918335,
    0.9879927039146423,
    0.7839559316635132,
    0.687614917755127,
    0.5798673033714294,
    0.7124068140983582,
    0.6516585350036621,
    0.5200539231300354,
    0.5276879072189331,
    0.9212824702262878,
    0.6507387757301331,
    0.5794211030006409
  ],
  "val_mae": [
    5.707296848297119,
    4.937300205230713,
    3.285844326019287,
    1.7912304401397705,
    1.4209561347961426,
    1.3821473121643066,
    1.3824540376663208,
    1.4139999151229858,
    1.419657826423645,
    1.4323067665100098,
    1.3517097234725952,
    1.632197380065918,
    1.3055806159973145,
    1.5897706747055054,
    1.340076208114624,
    1.4282269477844238,
    1.5439445972442627,
    1.4123666286468506,
    1.4290574789047241,
    1.4244084358215332,
    2.0656511783599854,
    1.540006160736084,
    1.4417699575424194,
    2.008802890777588,
    1.363534927368164,
    1.566444754600525,
    1.5193840265274048,
    1.304492473602295,
    1.3986750841140747,
    1.3779562711715698,
    1.3749241828918457,
    1.5164285898208618,
    1.383612871170044,
    1.6131527423858643,
    1.3979530334472656,
    1.3418800830841064,
    1.455268144607544,
    1.399566888809204,
    1.3771618604660034,
    1.379145860671997,
    1.2854194641113281,
    1.4339382648468018,
    1.458048939704895
  ],
  "train_r2": [
    -9.428065299987793,
    -6.85376501083374,
    -2.5007731914520264,
    -0.16227614879608154,
    0.11459773778915405,
    0.20802468061447144,
    0.2553099989891052,
    0.26517122983932495,
    0.27138030529022217,
    0.2708134055137634,
    0.2825165390968323,
    0.22407996654510498,
    0.27615445852279663,
    0.3027688264846802,
    0.5061829090118408,
    0.5219848155975342,
    0.5116945505142212,
    0.5978385806083679,
    0.6017076969146729,
    0.6012280583381653,
    -0.3025524616241455,
    0.46676361560821533,
    0.6230037808418274,
    0.20417362451553345,
    0.6502357721328735,
    0.6761271953582764,
    0.6911499500274658,
    0.750856876373291,
    0.7598906755447388,
    0.7606410384178162,
    0.6546615362167358,
    0.7106212377548218,
    0.4819793105125427,
    0.6835111379623413,
    0.7433909177780151,
    0.8049396872520447,
    0.7149258852005005,
    0.7676632404327393,
    0.8435832858085632,
    0.8421161770820618,
    0.588972806930542,
    0.7628801465034485,
    0.8120377063751221
  ],
  "val_r2": [
    -15.632104873657227,
    -11.76993179321289,
    -5.479397773742676,
    -1.2626409530639648,
    -0.42595112323760986,
    -0.38931548595428467,
    -0.4011763334274292,
    -0.42329466342926025,
    -0.44299018383026123,
    -0.4738485813140869,
    -0.2830021381378174,
    -0.8852748870849609,
    -0.19105148315429688,
    -0.7623528242111206,
    -0.30876243114471436,
    -0.3977851867675781,
    -0.6570713520050049,
    -0.4269979000091553,
    -0.45783841609954834,
    -0.42842161655426025,
    -1.8929400444030762,
    -0.6424416303634644,
    -0.501008152961731,
    -1.9390761852264404,
    -0.272563099861145,
    -0.8142572641372681,
    -0.6974918842315674,
    -0.29270291328430176,
    -0.4575141668319702,
    -0.4295799732208252,
    -0.3688555955886841,
    -0.7120709419250488,
    -0.47164857387542725,
    -0.8302042484283447,
    -0.4883077144622803,
    -0.2860788106918335,
    -0.5282238721847534,
    -0.5317422151565552,
    -0.41388797760009766,
    -0.4155501127243042,
    -0.21991229057312012,
    -0.43307721614837646,
    -0.5668153762817383
  ],
  "lr": [
    0.0007316461936106827,
    0.0006783813728906053,
    0.0005954194696096775,
    0.0004908813728906053,
    0.000375,
    0.00025911862710939476,
    0.00015458053039032262,
    7.161862710939475e-05,
    1.8353806389317427e-05,
    0.00075,
    0.0007316461936106827,
    0.0006783813728906053,
    0.0005954194696096775,
    0.0004908813728906053,
    0.000375,
    0.00025911862710939476,
    0.00015458053039032262,
    7.161862710939475e-05,
    1.8353806389317427e-05,
    0.00075,
    0.0007316461936106827,
    0.0006783813728906053,
    0.0005954194696096775,
    0.0004908813728906053,
    0.000375,
    0.00025911862710939476,
    0.00015458053039032262,
    7.161862710939475e-05,
    1.8353806389317427e-05,
    0.00075,
    0.0007316461936106827,
    0.0006783813728906053,
    0.0005954194696096775,
    0.0004908813728906053,
    0.000375,
    0.00025911862710939476,
    0.00015458053039032262,
    7.161862710939475e-05,
    1.8353806389317427e-05,
    0.00075,
    0.0007316461936106827,
    0.0006783813728906053,
    0.0005954194696096775
  ]
}