{
  "train_mse": 2.1879587173461914,
  "train_mae": 1.2089473009109497,
  "train_rmse": 1.4791750124127272,
  "train_r2": 0.2761543393135071,
  "val_mse": 2.480677843093872,
  "val_mae": 1.3055806159973145,
  "val_rmse": 1.5750167754960174,
  "val_r2": -0.19105148315429688,
  "mse": 5.148067951202393,
  "mae": 1.9345357418060303,
  "rmse": 2.26893542243987,
  "r2": -0.2504410743713379,
  "test_mse": 5.148067951202393,
  "test_mae": 1.9345357418060303,
  "test_rmse": 2.26893542243987,
  "test_r2": -0.2504410743713379
}