{
  "mse": 3.64741849899292,
  "rmse": 1.9098215882623486,
  "mae": 1.5185322761535645,
  "r2": 0.1140594482421875
}