{
  "mse": 3.6646101474761963,
  "rmse": 1.9143171491360036,
  "mae": 1.5264451503753662,
  "r2": 0.10988366603851318
}