{
  "train_loss": [
    0.5479366965591908,
    0.45152073353528976,
    0.3968105937043826,
    0.2872740936776002,
    0.27912349502245587,
    0.28477776671449345,
    0.23130416062970957,
    0.2449047714471817,
    0.1939378852645556,
    0.1875621552268664,
    0.21301713523765406,
    0.187808188299338
  ],
  "val_loss": [
    0.5405481398105622,
    0.5381296634674072,
    0.5671905696392059,
    0.6585626989603043,
    0.6850112915039063,
    0.8398866474628448,
    1.1130109131336212,
    1.098383015394211,
    1.0775463461875916,
    1.0826189279556275,
    1.152520364522934,
    1.364182984828949
  ],
  "train_mae": [
    0.37988200783729553,
    0.3810271918773651,
    0.36452123522758484,
    0.33582356572151184,
    0.31608426570892334,
    0.2767913341522217,
    0.25624459981918335,
    0.2469572126865387,
    0.24200354516506195,
    0.24109171330928802,
    0.22761885821819305,
    0.267162024974823
  ],
  "val_mae": [
    0.46628338098526,
    0.46905970573425293,
    0.4947066903114319,
    0.5562928915023804,
    0.5655407309532166,
    0.6272888779640198,
    0.7407310605049133,
    0.7409728765487671,
    0.7396841645240784,
    0.7410188317298889,
    0.7731646299362183,
    0.8239066004753113
  ],
  "train_r2": [
    -0.007950305938720703,
    0.005917906761169434,
    0.13219350576400757,
    0.34435492753982544,
    0.5290670394897461,
    0.6382551193237305,
    0.7063642144203186,
    0.7320138812065125,
    0.7460137605667114,
    0.7487350702285767,
    0.7952116131782532,
    0.7460434436798096
  ],
  "val_r2": [
    -0.12388253211975098,
    -0.12117040157318115,
    -0.1810077428817749,
    -0.3762019872665405,
    -0.4225553274154663,
    -0.7409251928329468,
    -1.3063299655914307,
    -1.2601141929626465,
    -1.2082455158233643,
    -1.2183611392974854,
    -1.261509895324707,
    -1.661463975906372
  ],
  "lr": [
    0.0009755282581475768,
    0.0009045084971874737,
    0.0007938926261462367,
    0.0006545084971874737,
    0.0005,
    0.00034549150281252633,
    0.00020610737385376348,
    9.549150281252633e-05,
    2.4471741852423235e-05,
    0.001,
    0.0009938441702975688,
    0.0009755282581475768
  ]
}