{
  "train_mse": 0.55070960521698,
  "train_mae": 0.3810271918773651,
  "train_rmse": 0.7420981102367664,
  "train_r2": 0.005917787551879883,
  "val_mse": 0.6012939810752869,
  "val_mae": 0.46905970573425293,
  "val_rmse": 0.7754314805805133,
  "val_r2": -0.12117040157318115,
  "mse": 0.44348829984664917,
  "mae": 0.3070397973060608,
  "rmse": 0.6659491721195013,
  "r2": -0.06184864044189453,
  "test_mse": 0.44348829984664917,
  "test_mae": 0.3070397973060608,
  "test_rmse": 0.6659491721195013,
  "test_r2": -0.06184864044189453
}