{
  "mse": 5.001873970031738,
  "rmse": 2.2364869706823107,
  "mae": 1.883368968963623,
  "r2": -0.21493136882781982
}