{
  "train_loss": [
    23.915690422058105,
    14.27689520517985,
    7.131614685058594,
    3.6317880551020303,
    3.5632323920726776,
    2.5737148920694985,
    2.655621667702993,
    2.570953150590261,
    3.0466641783714294,
    2.22676349679629,
    2.6805767516295114,
    2.736264248689016,
    2.7643687228361764,
    2.5538001358509064,
    2.072354276974996,
    2.979231675465902,
    4.0462104479471845,
    2.9556939701239267,
    2.3270461559295654,
    2.6488926907380423,
    3.5042823056379953,
    1.7702831377585728,
    1.7318461040655773,
    1.960312510530154,
    2.7802251229683557,
    1.610901951789856,
    1.4978807369867961,
    1.5234289815028508,
    1.3653225898742676,
    1.321210245291392,
    1.895182728767395,
    2.545163477460543,
    1.987417643268903,
    1.6505923519531887,
    1.8601696739594142,
    1.6037170539299648,
    1.9361174801985424,
    1.8474109669526417,
    2.161643534898758,
    1.5330689201752346,
    1.301486651102702,
    1.294058382511139,
    1.890649328629176,
    0.8883885244528452,
    1.2390952582160633,
    1.6716843744119008
  ],
  "val_loss": [
    33.807620239257815,
    24.773616790771484,
    11.648909378051759,
    4.166468906402588,
    2.9452047824859617,
    3.133899450302124,
    3.2941293239593508,
    3.466593599319458,
    3.3547010898590086,
    3.252208948135376,
    2.85016188621521,
    4.488679695129394,
    3.067874479293823,
    2.7779314041137697,
    3.551420974731445,
    2.6157660484313965,
    3.702977919578552,
    3.8519752979278565,
    3.2277926921844484,
    2.9973613262176513,
    3.6375266790390013,
    3.16930890083313,
    3.7970197200775146,
    3.728272533416748,
    3.419254517555237,
    3.4402711391448975,
    3.1758956909179688,
    3.1956019401550293,
    3.2931007385253905,
    3.2276913642883303,
    3.158318281173706,
    3.1322131156921387,
    4.259948062896728,
    3.1270373344421385,
    3.30938777923584,
    4.631301164627075,
    3.810860776901245,
    2.9578335285186768,
    3.260632944107056,
    3.0188608407974242,
    3.447659158706665,
    3.20104923248291,
    3.296839714050293,
    2.9783106088638305,
    3.203296160697937,
    3.3642290592193604
  ],
  "train_mae": [
    5.3264079093933105,
    4.443962574005127,
    2.6057991981506348,
    1.43900728225708,
    1.3064504861831665,
    1.247538685798645,
    1.2422633171081543,
    1.2409489154815674,
    1.2229071855545044,
    1.2095266580581665,
    1.1836566925048828,
    1.3530102968215942,
    1.1175893545150757,
    1.0412949323654175,
    1.1121121644973755,
    0.940138041973114,
    0.9865520000457764,
    1.0549193620681763,
    0.8240559101104736,
    0.8535863757133484,
    0.7927051782608032,
    0.8533788323402405,
    0.8170338869094849,
    0.7945334911346436,
    0.6896864175796509,
    0.6933896541595459,
    0.6917572617530823,
    0.6798977851867676,
    0.6826297044754028,
    0.6877048015594482,
    0.7216771245002747,
    1.3332792520523071,
    1.0414490699768066,
    0.822258472442627,
    0.6949408650398254,
    1.084608793258667,
    1.354030728340149,
    0.8225625157356262,
    0.7083736062049866,
    0.624519944190979,
    0.6762698292732239,
    0.7211298942565918,
    0.6434588432312012,
    0.593967616558075,
    0.6246302723884583,
    0.7198492884635925
  ],
  "val_mae": [
    5.693580627441406,
    4.813684463500977,
    3.0599687099456787,
    1.7096294164657593,
    1.4412529468536377,
    1.4993551969528198,
    1.5182337760925293,
    1.5677649974822998,
    1.5405724048614502,
    1.5152696371078491,
    1.419697880744934,
    1.8478214740753174,
    1.5153567790985107,
    1.4483073949813843,
    1.524361252784729,
    1.367262363433838,
    1.4982342720031738,
    1.647209644317627,
    1.4799473285675049,
    1.4943158626556396,
    1.547110676765442,
    1.4511162042617798,
    1.5665299892425537,
    1.5650991201400757,
    1.4522011280059814,
    1.4637234210968018,
    1.4219717979431152,
    1.41994309425354,
    1.4443200826644897,
    1.4276025295257568,
    1.3869540691375732,
    1.496724009513855,
    1.6132698059082031,
    1.4544974565505981,
    1.438956618309021,
    1.737009048461914,
    1.6185401678085327,
    1.4341951608657837,
    1.4774932861328125,
    1.4136780500411987,
    1.490435004234314,
    1.4497992992401123,
    1.4568060636520386,
    1.3299720287322998,
    1.3988254070281982,
    1.4021904468536377
  ],
  "train_r2": [
    -9.381386756896973,
    -6.456625461578369,
    -2.0798802375793457,
    -0.08170318603515625,
    0.15830081701278687,
    0.25149005651474,
    0.25436776876449585,
    0.2540245056152344,
    0.2818260192871094,
    0.29654741287231445,
    0.31522250175476074,
    0.0663575530052185,
    0.35266798734664917,
    0.4425198435783386,
    0.3766132593154907,
    0.525314211845398,
    0.4476831555366516,
    0.40283024311065674,
    0.6269869804382324,
    0.6044946312904358,
    0.6521811485290527,
    0.6057925224304199,
    0.6261439323425293,
    0.657555103302002,
    0.7321327328681946,
    0.7270704507827759,
    0.7308090925216675,
    0.737641453742981,
    0.7312642931938171,
    0.728737473487854,
    0.7188895344734192,
    0.1499471664428711,
    0.41147953271865845,
    0.64532470703125,
    0.7382845878601074,
    0.4104008674621582,
    0.14324826002120972,
    0.6544812321662903,
    0.7112513780593872,
    0.7700437903404236,
    0.7522924542427063,
    0.7188979387283325,
    0.7632241249084473,
    0.8016785383224487,
    0.7844910621643066,
    0.7310211658477783
  ],
  "val_r2": [
    -15.556053161621094,
    -11.21413516998291,
    -4.788917064666748,
    -1.0810661315917969,
    -0.48011982440948486,
    -0.590308427810669,
    -0.6781842708587646,
    -0.7479028701782227,
    -0.677954912185669,
    -0.6231311559677124,
    -0.4107379913330078,
    -1.3412363529205322,
    -0.5446745157241821,
    -0.42305898666381836,
    -0.7190662622451782,
    -0.3055363893508911,
    -0.7456392049789429,
    -0.8885505199432373,
    -0.5642837285995483,
    -0.5428601503372192,
    -0.7232809066772461,
    -0.5166133642196655,
    -0.7821792364120483,
    -0.789806604385376,
    -0.6055943965911865,
    -0.619052529335022,
    -0.49322569370269775,
    -0.5051078796386719,
    -0.5595828294754028,
    -0.5326244831085205,
    -0.4217337369918823,
    -0.6416667699813843,
    -0.9604449272155762,
    -0.5448650121688843,
    -0.5506659746170044,
    -1.1501891613006592,
    -0.9562352895736694,
    -0.5314000844955444,
    -0.6049995422363281,
    -0.4801410436630249,
    -0.6677407026290894,
    -0.5299363136291504,
    -0.5857546329498291,
    -0.37573206424713135,
    -0.4573841094970703,
    -0.516607403755188
  ],
  "lr": [
    0.0007804226065180615,
    0.000723606797749979,
    0.0006351141009169893,
    0.0005236067977499791,
    0.0004,
    0.0002763932022500211,
    0.0001648858990830108,
    7.639320225002106e-05,
    1.957739348193859e-05,
    0.0008,
    0.0007950753362380551,
    0.0007804226065180615,
    0.0007564026096753472,
    0.000723606797749979,
    0.000682842712474619,
    0.0006351141009169893,
    0.0005815961998958187,
    0.0005236067977499791,
    0.0004625737860160924,
    0.0004,
    0.0003374262139839078,
    0.0002763932022500211,
    0.0002184038001041813,
    0.0001648858990830108,
    0.00011715728752538102,
    7.639320225002106e-05,
    4.3597390324652885e-05,
    1.957739348193859e-05,
    4.924663761944936e-06,
    0.0008,
    0.0007987669334932512,
    0.0007950753362380551,
    0.0007889479681590706,
    0.0007804226065180615,
    0.0007695518130045148,
    0.0007564026096753472,
    0.0007410560657416369,
    0.000723606797749979,
    0.0007041623862400125,
    0.000682842712474619,
    0.0006597792193320735,
    0.0006351141009169893,
    0.0006089994258863796,
    0.0005815961998958187,
    0.000553073372946036,
    0.0005236067977499791
  ]
}