{
  "train_mse": 1.4348266124725342,
  "train_mae": 0.940138041973114,
  "train_rmse": 1.197842482329181,
  "train_r2": 0.525314211845398,
  "val_mse": 2.719122886657715,
  "val_mae": 1.367262363433838,
  "val_rmse": 1.648976314765532,
  "val_r2": -0.3055363893508911,
  "mse": 4.902169704437256,
  "mae": 1.8257508277893066,
  "rmse": 2.214084394154219,
  "r2": -0.19071364402770996,
  "test_mse": 4.902169704437256,
  "test_mae": 1.8257508277893066,
  "test_rmse": 2.214084394154219,
  "test_r2": -0.19071364402770996
}