{
  "mse": 47.19436264038086,
  "rmse": 6.869815327967766,
  "mae": 6.469161510467529,
  "r2": -7.735782623291016
}