{
  "train_loss": [
    26.24012343088786,
    18.29615831375122,
    12.648280143737793,
    7.7485366861025495,
    5.111376325289409,
    3.8566843469937644,
    3.2487813035647073,
    3.6112432877222695,
    3.3618365128835044,
    3.2566050787766776,
    2.995222588380178,
    3.075061470270157,
    2.8096764286359153,
    3.0911702811717987,
    3.0699353516101837,
    2.1393433213233948,
    2.968239044149717,
    3.0974796613057456,
    2.707715854048729,
    2.193206638097763,
    2.144286036491394
  ],
  "val_loss": [
    34.580197143554685,
    31.11110649108887,
    19.89714183807373,
    7.6372064590454105,
    3.7640695095062258,
    2.6976059436798097,
    2.9594099521636963,
    2.585972785949707,
    2.724336862564087,
    2.8973398208618164,
    2.476049470901489,
    2.6839160442352297,
    2.8658187866210936,
    2.668904709815979,
    2.6669663906097414,
    3.4973737716674806,
    2.9666191577911376,
    2.9906620502471926,
    2.894970750808716,
    2.96811261177063,
    2.877294492721558
  ],
  "train_mae": [
    5.392867088317871,
    5.089822769165039,
    3.871847152709961,
    1.996992826461792,
    1.40593683719635,
    1.303030014038086,
    1.2994521856307983,
    1.2368220090866089,
    1.227945327758789,
    1.2358901500701904,
    1.1836575269699097,
    1.138830304145813,
    1.1102062463760376,
    1.1171444654464722,
    1.0338927507400513,
    1.0805611610412598,
    0.9440362453460693,
    1.023719310760498,
    0.9428921937942505,
    0.9112175703048706,
    0.9133094549179077
  ],
  "val_mae": [
    5.761914253234863,
    5.445371627807617,
    4.246861457824707,
    2.376471519470215,
    1.6102482080459595,
    1.377936601638794,
    1.4703752994537354,
    1.357338786125183,
    1.3802436590194702,
    1.4300533533096313,
    1.3398722410202026,
    1.3291404247283936,
    1.455157995223999,
    1.4070849418640137,
    1.35524582862854,
    1.5281633138656616,
    1.407887578010559,
    1.4276572465896606,
    1.4201207160949707,
    1.4253592491149902,
    1.4084311723709106
  ],
  "train_r2": [
    -9.618854522705078,
    -8.546158790588379,
    -4.900882720947266,
    -0.9971905946731567,
    -0.04539370536804199,
    0.14815741777420044,
    0.12838393449783325,
    0.24525344371795654,
    0.23849743604660034,
    0.19411569833755493,
    0.3098818063735962,
    0.3501409888267517,
    0.375729501247406,
    0.3654118776321411,
    0.444097638130188,
    0.3930005431175232,
    0.5300959348678589,
    0.469912052154541,
    0.5432968139648438,
    0.5586153268814087,
    0.5614882707595825
  ],
  "val_r2": [
    -15.935707092285156,
    -14.210531234741211,
    -8.731528282165527,
    -2.8105201721191406,
    -0.8472779989242554,
    -0.2776064872741699,
    -0.5222936868667603,
    -0.25114524364471436,
    -0.3432002067565918,
    -0.47882604598999023,
    -0.22900176048278809,
    -0.266607403755188,
    -0.42199277877807617,
    -0.3383876085281372,
    -0.3079257011413574,
    -0.7401148080825806,
    -0.4095480442047119,
    -0.4396631717681885,
    -0.3492136001586914,
    -0.3971625566482544,
    -0.3456007242202759
  ],
  "lr": [
    0.0004986304738420684,
    0.0004945369001834514,
    0.0004877641290737884,
    0.0004783863644106502,
    0.00046650635094610973,
    0.0004522542485937369,
    0.00043578620636934855,
    0.0004172826515897146,
    0.0003969463130731183,
    0.000375,
    0.0003516841607689501,
    0.00032725424859373687,
    0.0003019779227044398,
    0.0002761321158169134,
    0.00025000000000000006,
    0.00022386788418308668,
    0.00019802207729556015,
    0.00017274575140626317,
    0.00014831583923105,
    0.00012500000000000006,
    0.00010305368692688174
  ]
}