{
  "train_mse": 2.0860114097595215,
  "train_mae": 1.1836574077606201,
  "train_rmse": 1.444303087914556,
  "train_r2": 0.3098818063735962,
  "val_mse": 2.5597193241119385,
  "val_mae": 1.3398722410202026,
  "val_rmse": 1.599912286380706,
  "val_r2": -0.22900176048278809,
  "mse": 5.019620418548584,
  "mae": 1.8893601894378662,
  "rmse": 2.240450940893057,
  "r2": -0.21924185752868652,
  "test_mse": 5.019620418548584,
  "test_mae": 1.8893601894378662,
  "test_rmse": 2.240450940893057,
  "test_r2": -0.21924185752868652
}