{
  "train_loss": [
    0.5814285352826118,
    0.4932687034209569,
    0.45221148803830147,
    0.42117226496338844,
    0.38568826640645665,
    0.32449720427393913,
    0.32355518639087677,
    0.31616410116354626,
    0.30089180171489716,
    0.27687182277441025,
    0.33737343301375705,
    0.30217483018835384,
    0.3450344515343507
  ],
  "val_loss": [
    0.6016919940710068,
    0.5966575920581818,
    0.5809516400098801,
    0.6065043419599533,
    0.6989779502153397,
    0.7830529272556305,
    0.8540383726358414,
    1.067790162563324,
    0.9850240111351013,
    1.0183754503726958,
    0.9206955552101135,
    0.9187935948371887,
    0.875914204120636
  ],
  "train_mae": [
    0.4295841455459595,
    0.4217644929885864,
    0.40928390622138977,
    0.3957602083683014,
    0.37923115491867065,
    0.34779784083366394,
    0.3352600932121277,
    0.3267330527305603,
    0.31629395484924316,
    0.3171265721321106,
    0.3316664397716522,
    0.3663181960582733,
    0.3265017569065094
  ],
  "val_mae": [
    0.536614716053009,
    0.5319094061851501,
    0.5184926986694336,
    0.5356331467628479,
    0.5994464755058289,
    0.6458446383476257,
    0.6681731939315796,
    0.7416930794715881,
    0.7146739363670349,
    0.7285866141319275,
    0.6893256902694702,
    0.6633829474449158,
    0.6521234512329102
  ],
  "train_r2": [
    0.011997699737548828,
    0.03469318151473999,
    0.08236438035964966,
    0.1775851845741272,
    0.363120436668396,
    0.45224839448928833,
    0.521621823310852,
    0.5613539218902588,
    0.5755332112312317,
    0.5786678791046143,
    0.5770906209945679,
    0.43703556060791016,
    0.4748753309249878
  ],
  "val_r2": [
    -0.23416078090667725,
    -0.2238314151763916,
    -0.18932020664215088,
    -0.2430814504623413,
    -0.4453622102737427,
    -0.6331839561462402,
    -0.7777661085128784,
    -1.231355905532837,
    -1.056898832321167,
    -1.1281301975250244,
    -0.8994232416152954,
    -0.871002197265625,
    -0.8106549978256226
  ],
  "lr": [
    0.0009755282581475768,
    0.0009045084971874737,
    0.0007938926261462367,
    0.0006545084971874737,
    0.0005,
    0.00034549150281252633,
    0.00020610737385376348,
    9.549150281252633e-05,
    2.4471741852423235e-05,
    0.001,
    0.0009938441702975688,
    0.0009755282581475768,
    0.0009455032620941839
  ]
}