{
  "train_mse": 0.5083590149879456,
  "train_mae": 0.40928390622138977,
  "train_rmse": 0.7129929978533769,
  "train_r2": 0.08236449956893921,
  "val_mse": 0.6378433108329773,
  "val_mae": 0.5184926986694336,
  "val_rmse": 0.7986509317799468,
  "val_r2": -0.18932020664215088,
  "mse": 0.465402752161026,
  "mae": 0.3622162640094757,
  "rmse": 0.6822043331444223,
  "r2": -0.11431872844696045,
  "test_mse": 0.465402752161026,
  "test_mae": 0.3622162640094757,
  "test_rmse": 0.6822043331444223,
  "test_r2": -0.11431872844696045
}