{
  "mse": 5.2416253089904785,
  "rmse": 2.2894596106921123,
  "mae": 1.8646160364151,
  "r2": -0.27316582202911377
}