{
  "mse": 4.702820301055908,
  "rmse": 2.1685986952536673,
  "mae": 1.796383023262024,
  "r2": -0.14229261875152588
}