{
  "mse": 4.608300685882568,
  "rmse": 2.146695294139941,
  "mae": 1.79813551902771,
  "r2": -0.11933434009552002
}