{
  "mse": 4.997199058532715,
  "rmse": 2.2354415802102086,
  "mae": 1.8804192543029785,
  "r2": -0.21379590034484863
}