{
  "mse": 5.148067951202393,
  "rmse": 2.26893542243987,
  "mae": 1.9345357418060303,
  "r2": -0.2504410743713379
}