{
  "mse": 4.997002124786377,
  "rmse": 2.235397531712509,
  "mae": 1.911095380783081,
  "r2": -0.21374797821044922
}