{
  "mse": 4.3414201736450195,
  "rmse": 2.083607490302581,
  "mae": 1.8329997062683105,
  "r2": -0.05451023578643799
}