{
  "mse": 4.902169704437256,
  "rmse": 2.214084394154219,
  "mae": 1.8257508277893066,
  "r2": -0.19071364402770996
}