{
  "train_loss": [
    27.58387025197347,
    21.39763029416402,
    17.46329442660014,
    14.643552780151367,
    12.145620663960775,
    9.881133159001669,
    8.521278897921244,
    7.618942677974701,
    7.495940446853638,
    6.91961669921875,
    6.190995653470357,
    4.636144856611888,
    3.7049160401026406,
    3.3712839086850486,
    2.9964579244454703,
    3.5945367415746055,
    3.6677326261997223,
    3.6630701820055642,
    2.7214660346508026,
    3.226663718620936,
    4.52408962448438,
    2.582714706659317,
    2.1887440383434296,
    2.6800026496251426,
    3.9964427749315896,
    3.2174811959266663,
    2.9312578539053598,
    2.327018360296885,
    3.0149035652478537,
    2.39226895570755,
    3.288716822862625,
    2.3469970524311066,
    2.0604792634646096,
    2.0636359602212906,
    2.5339630047480264,
    2.320495198170344,
    2.0918128291765847,
    2.1524500449498496,
    2.5274110039075217,
    2.3494426757097244,
    2.098214859763781,
    1.6550396631161373,
    1.9673419818282127,
    1.543655127286911,
    2.091132106880347,
    2.097871497273445,
    1.9790365000565846,
    1.8927527119716008,
    1.3258493021130562,
    1.5173351267973583
  ],
  "val_loss": [
    34.95785026550293,
    33.85073661804199,
    30.467881774902345,
    22.861469268798828,
    14.266455459594727,
    10.257535171508788,
    9.127990913391113,
    8.725298213958741,
    8.653564643859863,
    8.852051258087158,
    5.565593004226685,
    3.723187875747681,
    3.6684996128082275,
    3.550035572052002,
    3.0811892986297607,
    3.1396868228912354,
    2.741111660003662,
    3.039430832862854,
    3.254105472564697,
    2.5859105587005615,
    2.745752286911011,
    3.239894247055054,
    3.0317938566207885,
    3.060426688194275,
    3.0881635189056396,
    3.0245158195495607,
    3.0034560918807984,
    2.8727388858795164,
    2.977880764007568,
    2.9026558876037596,
    2.6320549964904787,
    2.594138240814209,
    2.9326704025268553,
    3.5818265438079835,
    3.033534812927246,
    3.6828286170959474,
    3.9066200733184813,
    6.435441207885742,
    2.805616855621338,
    3.5243356227874756,
    2.809605669975281,
    3.5010136127471925,
    2.75019211769104,
    3.0281951427459717,
    2.6852584362030028,
    3.0745649576187133,
    3.2485364437103272,
    2.6858574390411376,
    2.8398855686187745,
    2.8366979122161866
  ],
  "train_mae": [
    5.424626350402832,
    5.331190586090088,
    5.034577369689941,
    4.270328044891357,
    3.1584396362304688,
    2.4531688690185547,
    2.226072311401367,
    2.148773193359375,
    2.133810043334961,
    2.1707539558410645,
    1.602305293083191,
    1.414172887802124,
    1.358501672744751,
    1.3015742301940918,
    1.290126919746399,
    1.2295796871185303,
    1.2001646757125854,
    1.182122826576233,
    1.1862739324569702,
    1.149705410003662,
    1.1231576204299927,
    1.1436742544174194,
    1.127736210823059,
    1.1132495403289795,
    1.0787290334701538,
    1.0495654344558716,
    1.048376202583313,
    1.0215339660644531,
    1.0224430561065674,
    1.0229240655899048,
    0.9818741679191589,
    0.9749591946601868,
    0.9132829308509827,
    0.9625449776649475,
    0.9368406534194946,
    0.9846452474594116,
    1.4144214391708374,
    1.5867152214050293,
    1.0725796222686768,
    0.8978671431541443,
    0.7350736260414124,
    0.8529411554336548,
    0.7178001999855042,
    0.7242382764816284,
    0.6512461304664612,
    0.8190622925758362,
    0.7260314226150513,
    0.6531644463539124,
    0.6380482316017151,
    0.6289059519767761
  ],
  "val_mae": [
    5.795089244842529,
    5.698273658752441,
    5.387450218200684,
    4.595458030700684,
    3.4591193199157715,
    2.785609245300293,
    2.5958805084228516,
    2.534337043762207,
    2.5252463817596436,
    2.5675113201141357,
    1.9836204051971436,
    1.6254301071166992,
    1.6255360841751099,
    1.5918607711791992,
    1.433458685874939,
    1.4960289001464844,
    1.3698792457580566,
    1.4542922973632812,
    1.5406885147094727,
    1.3639991283416748,
    1.3967063426971436,
    1.5423359870910645,
    1.4924914836883545,
    1.495020866394043,
    1.5156959295272827,
    1.494666337966919,
    1.4881178140640259,
    1.452398419380188,
    1.4613730907440186,
    1.460647702217102,
    1.3739711046218872,
    1.3643243312835693,
    1.4232208728790283,
    1.5230834484100342,
    1.4867783784866333,
    1.5676017999649048,
    1.6456513404846191,
    2.1311964988708496,
    1.393987774848938,
    1.4912803173065186,
    1.3984558582305908,
    1.5386559963226318,
    1.3701164722442627,
    1.4427767992019653,
    1.358022928237915,
    1.3748217821121216,
    1.4953727722167969,
    1.357392430305481,
    1.3681113719940186,
    1.3319282531738281
  ],
  "train_r2": [
    -9.733953475952148,
    -9.395588874816895,
    -8.3563814163208,
    -5.989117622375488,
    -3.225309371948242,
    -1.798809289932251,
    -1.3828556537628174,
    -1.2491061687469482,
    -1.2243661880493164,
    -1.2835559844970703,
    -0.3523188829421997,
    -0.03128218650817871,
    0.04445856809616089,
    0.14177274703979492,
    0.1862119436264038,
    0.25426608324050903,
    0.3010643720626831,
    0.31351202726364136,
    0.3140227794647217,
    0.3420445919036865,
    0.3808603882789612,
    0.3587643504142761,
    0.3706955909729004,
    0.37780988216400146,
    0.4172942638397217,
    0.4478887915611267,
    0.44118380546569824,
    0.47406208515167236,
    0.47139495611190796,
    0.47322970628738403,
    0.515680193901062,
    0.513132631778717,
    0.5567106604576111,
    0.5099104642868042,
    0.5445077419281006,
    0.4850643277168274,
    0.05322301387786865,
    -0.18865621089935303,
    0.40670615434646606,
    0.5531988739967346,
    0.6973616480827332,
    0.6130677461624146,
    0.7249040603637695,
    0.7241174578666687,
    0.7642614841461182,
    0.6651443839073181,
    0.706415593624115,
    0.7613569498062134,
    0.778176486492157,
    0.7806618213653564
  ],
  "val_r2": [
    -16.124835968017578,
    -15.579002380371094,
    -13.907257080078125,
    -10.168342590332031,
    -5.974780559539795,
    -4.020748615264893,
    -3.461137294769287,
    -3.275482177734375,
    -3.240356922149658,
    -3.348212718963623,
    -1.7631208896636963,
    -0.8808887004852295,
    -0.8854615688323975,
    -0.8321200609207153,
    -0.5730835199356079,
    -0.592735767364502,
    -0.3399087190628052,
    -0.551552414894104,
    -0.6444765329360962,
    -0.3123403787612915,
    -0.35459280014038086,
    -0.6586829423904419,
    -0.5418417453765869,
    -0.5560922622680664,
    -0.5657985210418701,
    -0.527675986289978,
    -0.5212135314941406,
    -0.44874703884124756,
    -0.49419689178466797,
    -0.46286773681640625,
    -0.30364930629730225,
    -0.26361167430877686,
    -0.4575232267379761,
    -0.7380714416503906,
    -0.5209163427352905,
    -0.7454870939254761,
    -0.9831702709197998,
    -2.1178975105285645,
    -0.3740805387496948,
    -0.678329348564148,
    -0.441180944442749,
    -0.7291445732116699,
    -0.38366472721099854,
    -0.5251848697662354,
    -0.3571268320083618,
    -0.43013978004455566,
    -0.6496795415878296,
    -0.33067846298217773,
    -0.3968013525009155,
    -0.36816346645355225
  ],