{
  "train_mse": 1.988793134689331,
  "train_mae": 1.149705410003662,
  "train_rmse": 1.4102457710233813,
  "train_r2": 0.3420447111129761,
  "val_mse": 2.7332940101623535,
  "val_mae": 1.3639991283416748,
  "val_rmse": 1.6532676765007999,
  "val_r2": -0.3123403787612915,
  "mse": 5.2416253089904785,
  "mae": 1.8646160364151,
  "rmse": 2.2894596106921123,
  "r2": -0.27316582202911377,
  "test_mse": 5.2416253089904785,
  "test_mae": 1.8646160364151,
  "test_rmse": 2.2894596106921123,
  "test_r2": -0.27316582202911377
}