{
  "mse": 5.186944007873535,
  "rmse": 2.277486335386787,
  "mae": 1.8630740642547607,
  "r2": -0.2598839998245239
}