{
  "mse": 5.019620418548584,
  "rmse": 2.240450940893057,
  "mae": 1.8893601894378662,
  "r2": -0.21924185752868652
}