{
  "train_mse": 0.2788747549057007,
  "train_mae": 0.3905307352542877,
  "train_rmse": 0.5280859351523204,
  "train_r2": 0.9077394604682922,
  "val_mse": 1.7781805992126465,
  "val_mae": 1.0617364645004272,
  "val_rmse": 1.3334843828154292,
  "val_r2": 0.14623963832855225,
  "mse": 3.537526845932007,
  "mae": 1.4800162315368652,
  "rmse": 1.8808314241132849,
  "r2": 0.14075160026550293,
  "test_mse": 3.537526845932007,
  "test_mae": 1.4800162315368652,
  "test_rmse": 1.8808314241132849,
  "test_r2": 0.14075160026550293
}