{
  "train_mse": 0.23087474703788757,
  "train_mae": 0.3203287124633789,
  "train_rmse": 0.4804942736785607,
  "train_r2": 0.9236193895339966,
  "val_mse": 1.9494757652282715,
  "val_mae": 1.1155929565429688,
  "val_rmse": 1.396236285600783,
  "val_r2": 0.06399542093276978,
  "mse": 3.6646101474761963,
  "mae": 1.5264451503753662,
  "rmse": 1.9143171491360036,
  "r2": 0.10988366603851318,
  "test_mse": 3.6646101474761963,
  "test_mae": 1.5264451503753662,
  "test_rmse": 1.9143171491360036,
  "test_r2": 0.10988366603851318
}