{
  "train_loss": [
    20.94590926170349,
    9.021362026532492,
    3.0931612253189087,
    3.6801037391026816,
    3.3417436679204306,
    2.96146559715271,
    4.539421131213506,
    3.2011223336060843,
    3.0338067213694253,
    2.642308255036672,
    3.7441163460413613,
    2.5190905133883157,
    3.3369243244330087,
    3.0641952554384866,
    3.3387849628925323,
    3.0148208240667977,
    2.960623860359192,
    2.2477111518383026
  ],
  "val_loss": [
    32.13708343505859,
    16.33542652130127,
    3.4277521133422852,
    3.104092597961426,
    2.8482980728149414,
    2.721409320831299,
    2.4059966802597046,
    2.241384196281433,
    2.4469370365142824,
    2.4943013191223145,
    3.4136415004730223,
    4.194844818115234,
    3.3077555179595945,
    2.599124002456665,
    2.3912281513214113,
    4.750811147689819,
    4.639597463607788,
    2.6082337617874147
  ],
  "train_mae": [
    5.1836323738098145,
    3.3907923698425293,
    1.3420770168304443,
    1.3783371448516846,
    1.2642991542816162,
    1.2639338970184326,
    1.221220850944519,
    1.1477328538894653,
    1.1267515420913696,
    1.1249099969863892,
    1.2098493576049805,
    1.48221755027771,
    1.3288905620574951,
    1.2876874208450317,
    1.223003625869751,
    1.3955776691436768,
    1.37954843044281,
    1.1751073598861694
  ],
  "val_mae": [
    5.53909158706665,
    3.826648712158203,
    1.5908304452896118,
    1.474536657333374,
    1.409194827079773,
    1.4161182641983032,
    1.3540117740631104,
    1.3208723068237305,
    1.3675473928451538,
    1.3901593685150146,
    1.5215343236923218,
    1.6963629722595215,
    1.4588240385055542,
    1.3072375059127808,
    1.329668402671814,
    1.9219931364059448,
    1.8009592294692993,
    1.3338333368301392
  ],
  "train_r2": [
    -8.868814468383789,
    -3.7559380531311035,
    0.04228067398071289,
    0.016353487968444824,
    0.18854385614395142,
    0.1667601466178894,
    0.23513394594192505,
    0.3155568838119507,
    0.34933990240097046,
    0.3467423915863037,
    0.23989629745483398,
    -0.0939950942993164,
    0.0425492525100708,
    0.17920738458633423,
    0.26904869079589844,
    -0.04322528839111328,
    0.048713624477386475,
    0.3026424050331116
  ],
  "val_r2": [
    -14.687544822692871,
    -7.184345245361328,
    -0.770917534828186,
    -0.5773277282714844,
    -0.3228188753128052,
    -0.4417039155960083,
    -0.26477646827697754,
    -0.15242278575897217,
    -0.21661698818206787,
    -0.2590125799179077,
    -0.546276330947876,
    -0.9242671728134155,
    -0.7497315406799316,
    -0.19286727905273438,
    -0.13172471523284912,
    -1.42415452003479,
    -1.2292380332946777,
    -0.2884446382522583
  ],
  "lr": [
    0.0009755282581475768,
    0.0009045084971874737,
    0.0007938926261462366,
    0.0006545084971874737,
    0.0005,
    0.00034549150281252633,
    0.00020610737385376348,
    9.549150281252633e-05,
    2.4471741852423235e-05,
    0.001,
    0.0009938441702975688,
    0.0009755282581475768,
    0.0009455032620941839,
    0.0009045084971874737,
    0.0008535533905932737,
    0.0007938926261462366,
    0.0007269952498697733,
    0.0006545084971874737
  ]
}