{
  "train_mse": 2.068857192993164,
  "train_mae": 1.1477327346801758,
  "train_rmse": 1.4383522492745524,
  "train_r2": 0.31555694341659546,
  "val_mse": 2.400223731994629,
  "val_mae": 1.3208723068237305,
  "val_rmse": 1.5492655459909477,
  "val_r2": -0.15242278575897217,
  "mse": 5.001873970031738,
  "mae": 1.883368968963623,
  "rmse": 2.2364869706823107,
  "r2": -0.21493136882781982,
  "test_mse": 5.001873970031738,
  "test_mae": 1.883368968963623,
  "test_rmse": 2.2364869706823107,
  "test_r2": -0.21493136882781982
}