{
  "train_loss": [
    25.78600025177002,
    18.17052944501241,
    12.816834449768066,
    8.555378953615824,
    5.7898796399434405,
    3.8921069900194802,
    3.467182715733846,
    3.184471011161804,
    3.5321038365364075,
    2.8249241411685944,
    3.0987819830576577,
    3.150163153807322,
    3.0987780491511026,
    2.8281599581241608,
    2.6285710831483207,
    3.450282206137975,
    3.3082716862360635,
    3.328930606444677,
    2.246389627456665,
    2.73076860109965,
    4.1869038343429565,
    2.1905291279157004,
    1.6932605306307476,
    2.006465564171473,
    3.248599261045456,
    2.3920044600963593,
    2.188378175099691,
    1.89620437224706,
    2.5235609809557595,
    1.8440419882535934
  ],
  "val_loss": [
    34.65733261108399,
    31.516148376464844,
    22.361009216308595,
    10.559339714050292,
    5.867084980010986,
    4.518195533752442,
    3.935583543777466,
    3.615963506698608,
    3.6097853660583494,
    3.684224557876587,
    2.87148003578186,
    3.7454928398132323,
    3.7799062728881836,
    4.519012784957885,
    3.0138009548187257,
    3.0523040771484373,
    3.1705296993255616,
    3.108084201812744,
    3.5798521041870117,
    2.7553622722625732,
    3.7300424575805664,
    2.937645101547241,
    3.4203494071960447,
    3.100699710845947,
    3.3759368419647218,
    3.3898340225219727,
    3.1760254859924317,
    3.1182640552520753,
    3.300017547607422,
    3.2377406120300294
  ],
  "train_mae": [
    5.398805141448975,
    5.129115104675293,
    4.193848133087158,
    2.4395751953125,
    1.6964337825775146,
    1.4735163450241089,
    1.3959159851074219,
    1.359750747680664,
    1.3485093116760254,
    1.3472692966461182,
    1.3117183446884155,
    1.3114691972732544,
    1.248304843902588,
    1.31782865524292,
    1.1335703134536743,
    1.0902401208877563,
    1.0945566892623901,
    1.0102357864379883,
    1.0520844459533691,
    0.9693542718887329,
    0.9978041648864746,
    0.9111377596855164,
    0.9181134700775146,
    0.8396064639091492,
    0.853347659111023,
    0.8534382581710815,
    0.8406345248222351,
    0.8177828788757324,
    0.81964111328125,
    0.8266831040382385
  ],
  "val_mae": [
    5.768929958343506,
    5.485323905944824,
    4.546733379364014,
    2.8417773246765137,
    2.053391218185425,
    1.8062217235565186,
    1.6559360027313232,
    1.5866620540618896,
    1.5884559154510498,
    1.608559489250183,
    1.38270902633667,
    1.641582727432251,
    1.5994131565093994,
    1.805037498474121,
    1.451822280883789,
    1.470802903175354,
    1.4578694105148315,
    1.4380912780761719,
    1.5461647510528564,
    1.3275610208511353,
    1.5826225280761719,
    1.4130030870437622,
    1.5220158100128174,
    1.4116034507751465,
    1.4718754291534424,
    1.4881495237350464,
    1.435190200805664,
    1.4199278354644775,
    1.4649735689163208,
    1.4511289596557617
  ],
  "train_r2": [
    -9.640185356140137,
    -8.676457405090332,
    -5.746583461761475,
    -1.788564682006836,
    -0.4912407398223877,
    -0.1250854730606079,
    0.0023235678672790527,
    0.06539654731750488,
    0.08109605312347412,
    0.07880091667175293,
    0.14801627397537231,
    0.13573896884918213,
    0.20829540491104126,
    0.08966648578643799,
    0.3679013252258301,
    0.41552048921585083,
    0.40076106786727905,
    0.4759901165962219,
    0.42406994104385376,
    0.5083450078964233,
    0.48836058378219604,
    0.5651769638061523,
    0.5590548515319824,
    0.6129614114761353,
    0.6043123602867126,
    0.6092406511306763,
    0.6214456558227539,
    0.6365957260131836,
    0.6290231943130493,
    0.6301188468933105
  ],
  "val_r2": [
    -15.97850227355957,
    -14.440786361694336,
    -9.983621597290039,
    -4.2063140869140625,
    -1.9657814502716064,
    -1.2869486808776855,
    -0.9544892311096191,
    -0.7930991649627686,
    -0.7933679819107056,
    -0.8344358205795288,
    -0.44034409523010254,
    -0.9453482627868652,
    -0.7918338775634766,
    -1.3536012172698975,
    -0.4737052917480469,
    -0.4850344657897949,
    -0.4825707674026489,
    -0.46071791648864746,
    -0.6950137615203857,
    -0.23438918590545654,
    -0.8037478923797607,
    -0.35811948776245117,
    -0.6272670030593872,
    -0.47672033309936523,
    -0.5741592645645142,
    -0.6168811321258545,
    -0.519041895866394,
    -0.4763922691345215,
    -0.5660709142684937,
    -0.5372132062911987
  ],
  "lr": [
    0.0004877641290737884,
    0.0004522542485937369,
    0.0003969463130731183,
    0.00032725424859373687,
    0.00025,
    0.00017274575140626317,
    0.00010305368692688174,
    4.7745751406263163e-05,
    1.2235870926211617e-05,
    0.0005,
    0.0004969220851487844,
    0.0004877641290737884,
    0.00047275163104709196,
    0.0004522542485937369,
    0.00042677669529663686,
    0.0003969463130731183,
    0.00036349762493488667,
    0.00032725424859373687,
    0.00028910861626005774,
    0.00025,
    0.00021089138373994235,
    0.00017274575140626317,
    0.00013650237506511331,
    0.00010305368692688174,
    7.322330470336314e-05,
    4.7745751406263163e-05,
    2.7248368952908055e-05,
    1.2235870926211617e-05,
    3.077914851215585e-06,
    0.0005
  ]
}