{
  "train_mse": 1.486119031906128,
  "train_mae": 0.9693542718887329,
  "train_rmse": 1.2190648185827233,
  "train_r2": 0.5083450675010681,
  "val_mse": 2.5709400177001953,
  "val_mae": 1.3275610208511353,
  "val_rmse": 1.6034151108494006,
  "val_r2": -0.23438918590545654,
  "mse": 4.702820301055908,
  "mae": 1.796383023262024,
  "rmse": 2.1685986952536673,
  "r2": -0.14229261875152588,
  "test_mse": 4.702820301055908,
  "test_mae": 1.796383023262024,
  "test_rmse": 2.1685986952536673,
  "test_r2": -0.14229261875152588
}