{
  "mse": 4.032721042633057,
  "rmse": 2.008163599568784,
  "mae": 1.6091002225875854,
  "r2": 0.020471274852752686
}