{
  "train_mse": 0.34501543641090393,
  "train_mae": 0.44441163539886475,
  "train_rmse": 0.587380146422148,
  "train_r2": 0.8858580589294434,
  "val_mse": 2.0339455604553223,
  "val_mae": 1.130210280418396,
  "val_rmse": 1.426164633012375,
  "val_r2": 0.02343881130218506,
  "mse": 3.64741849899292,
  "mae": 1.5185322761535645,
  "rmse": 1.9098215882623486,
  "r2": 0.1140594482421875,
  "test_mse": 3.64741849899292,
  "test_mae": 1.5185322761535645,
  "test_rmse": 1.9098215882623486,
  "test_r2": 0.1140594482421875
}