{
  "train_loss": [
    22.924707730611164,
    11.877380092938742,
    5.177512268225352,
    3.5471107562383017,
    3.5780317385991416,
    2.6735002994537354,
    2.400418837865194,
    2.3260624607404075,
    2.7689956029256186,
    2.185689220825831,
    2.7389480570952096,
    2.9167086680730185,
    3.0734758377075195,
    2.73579141497612,
    2.497631182273229,
    3.096438447634379,
    3.8560275435447693,
    3.1615055998166404,
    2.4493080029884973,
    2.3188584744930267,
    3.1784906486670175
  ],
  "val_loss": [
    32.90974044799805,
    18.83234519958496,
    7.513742542266845,
    3.752259397506714,
    3.6490822553634645,
    3.3395758152008055,
    3.0578600645065306,
    2.8473398208618166,
    2.849670958518982,
    2.887311506271362,
    2.082545518875122,
    6.736199951171875,
    2.6321431398391724,
    2.685212278366089,
    2.8330260038375856,
    2.942601203918457,
    2.911354494094849,
    3.3633784294128417,
    2.893116760253906,
    2.704110097885132,
    3.510619878768921
  ],
  "train_mae": [
    5.248440742492676,
    3.73054838180542,
    2.0331218242645264,
    1.3810991048812866,
    1.3948233127593994,
    1.2765350341796875,
    1.2046902179718018,
    1.1770625114440918,
    1.1685961484909058,
    1.1672028303146362,
    1.2217689752578735,
    1.8775166273117065,
    1.1384007930755615,
    1.1294469833374023,
    1.0777459144592285,
    1.0064021348953247,
    0.991344153881073,
    0.9382658004760742,
    0.9703674912452698,
    0.8716745376586914,
    0.9188117384910583
  ],
  "val_mae": [
    5.611746311187744,
    4.136402130126953,
    2.3671042919158936,
    1.5850483179092407,
    1.6079533100128174,
    1.5419466495513916,
    1.4968153238296509,
    1.4494075775146484,
    1.4502530097961426,
    1.4581832885742188,
    1.2180383205413818,
    2.0794837474823,
    1.382137656211853,
    1.3883203268051147,
    1.4841235876083374,
    1.4024516344070435,
    1.4165844917297363,
    1.5285546779632568,
    1.42513108253479,
    1.3585877418518066,
    1.584260106086731
  ],
  "train_r2": [
    -9.104439735412598,
    -4.519214630126953,
    -1.0527987480163574,
    0.005821824073791504,
    0.014227092266082764,
    0.1886047124862671,
    0.2751448154449463,
    0.3135182857513428,
    0.3240543007850647,
    0.32543182373046875,
    0.2600507140159607,
    -0.7266565561294556,
    0.3447328805923462,
    0.3610121011734009,
    0.4068177342414856,
    0.4696164131164551,
    0.48627251386642456,
    0.5286464691162109,
    0.5339524745941162,
    0.5906246304512024,
    0.5597547292709351
  ],
  "val_r2": [
    -15.11026382446289,
    -8.406412124633789,
    -2.83915638923645,
    -0.8296326398849487,
    -0.8788813352584839,
    -0.6966731548309326,
    -0.5524238348007202,
    -0.4498007297515869,
    -0.4571526050567627,
    -0.4780975580215454,
    0.043373048305511475,
    -2.125234603881836,
    -0.26978349685668945,
    -0.25340020656585693,
    -0.4299827814102173,
    -0.38912224769592285,
    -0.3862718343734741,
    -0.6672111749649048,
    -0.30860674381256104,
    -0.33757340908050537,
    -0.8610924482345581
  ],
  "lr": [
    0.0009755282581475768,
    0.0009045084971874737,
    0.0007938926261462366,
    0.0006545084971874737,
    0.0005,
    0.00034549150281252633,
    0.00020610737385376348,
    9.549150281252633e-05,
    2.4471741852423235e-05,
    0.001,
    0.0009938441702975688,
    0.0009755282581475768,
    0.0009455032620941839,
    0.0009045084971874737,
    0.0008535533905932737,
    0.0007938926261462366,
    0.0007269952498697733,
    0.0006545084971874737,
    0.0005782172325201155,
    0.0005,
    0.0004217827674798847
  ]
}