{
  "train_loss": [
    22.577332973480225,
    12.9757719039917,
    6.825626810391744,
    3.7194664676984153,
    3.916080196698507,
    2.775121748447418,
    2.5603832403818765,
    2.9051869610945382,
    3.183582921822866,
    2.6793141067028046,
    2.8946823179721832,
    2.7050002912680307,
    2.289605885744095,
    2.4336494406064353,
    2.2639456689357758,
    2.4072056214014688,
    2.5922057727972665,
    3.00064347187678,
    3.772444029649099,
    2.6637529035409293,
    1.8457405765851338,
    2.520688990751902,
    2.06756862004598,
    2.297015200058619,
    1.9393904507160187,
    1.6893114546934764,
    1.32918785015742,
    1.5006598681211472,
    1.963444083929062,
    1.4166874537865322,
    1.6131570239861805,
    1.123704766233762,
    1.8178312182426453,
    2.45817598203818,
    2.006109277407328,
    1.9371363321940105,
    1.2195432012279828,
    1.4668514082829158,
    1.1788066551089287,
    2.1831762542327247,
    1.4625092049439747,
    1.0310021489858627,
    0.9251380910476049,
    0.9337547570466995,
    0.8246825983126959,
    0.694641741613547,
    0.8454948291182518,
    1.0924704720576603,
    1.252826953927676,
    1.2790478393435478,
    0.8043689454595248,
    1.7934075022737186
  ],
  "val_loss": [
    31.677138900756837,
    21.02664451599121,
    6.166954803466797,
    3.8154744148254394,
    2.7954540491104125,
    2.632981538772583,
    2.9700080871582033,
    2.795867657661438,
    2.789866065979004,
    2.7838168144226074,
    3.0044939041137697,
    3.9662499904632567,
    2.789695692062378,
    2.4777872562408447,
    3.840644693374634,
    2.70114119052887,
    3.7894205331802366,
    3.7422532558441164,
    2.2950709581375124,
    2.3292982816696166,
    2.567877197265625,
    3.1866825580596925,
    2.4937534809112547,
    2.466677665710449,
    2.593505311012268,
    2.4050384759902954,
    2.2893479347229,
    2.3377466201782227,
    2.3199157238006594,
    2.315488600730896,
    2.52318754196167,
    3.043556308746338,
    2.3489706039428713,
    3.5653737068176268,
    2.2745396852493287,
    2.2663074493408204,
    2.941923952102661,
    2.3760634422302247,
    2.678578519821167,
    3.2270206212997437,
    2.8498623371124268,
    2.065049076080322,
    2.3156697273254396,
    2.1514531135559083,
    2.3375130176544188,
    2.1450436115264893,
    2.5155157089233398,
    2.148908519744873,
    2.1473556995391845,
    2.234680986404419,
    2.754231667518616,
    2.4377152800559996
  ],
  "train_mae": [
    5.139700889587402,
    4.0479841232299805,
    1.8538317680358887,
    1.4295531511306763,
    1.2033195495605469,
    1.1841427087783813,
    1.1932239532470703,
    1.1545523405075073,
    1.1455448865890503,
    1.1427106857299805,
    1.1869988441467285,
    1.3711419105529785,
    1.1117069721221924,
    0.9809015989303589,
    1.1314574480056763,
    1.0006985664367676,
    1.2628141641616821,
    1.0582736730575562,
    1.106345534324646,
    0.977159857749939,
    0.8963461518287659,
    1.0508227348327637,
    0.8861472010612488,
    0.844506025314331,
    0.832395613193512,
    0.7926796674728394,
    0.7818291187286377,
    0.7979615926742554,
    0.7702011466026306,
    0.7726531028747559,
    0.7299641966819763,
    0.7667271494865417,
    0.8010253310203552,
    1.011244773864746,
    0.7969083189964294,
    0.7254180312156677,
    0.723156750202179,
    0.6675847768783569,
    0.581328272819519,
    0.9270436763763428,
    0.7537220120429993,
    0.6773791313171387,
    0.5928444266319275,
    0.5457212924957275,
    0.5274330973625183,
    0.4896710216999054,
    0.529388427734375,
    0.4702475965023041,
    0.4589768052101135,
    0.45816749334335327,
    0.6154115200042725,
    0.6859868764877319
  ],
  "val_mae": [
    5.504673480987549,
    4.443140983581543,
    2.1700563430786133,
    1.6734949350357056,
    1.4338430166244507,
    1.3713524341583252,
    1.486759901046753,
    1.4337856769561768,
    1.4332704544067383,
    1.4302438497543335,
    1.4635497331619263,
    1.6162116527557373,
    1.408568263053894,
    1.302722692489624,
    1.5504194498062134,
    1.3942011594772339,
    1.6367815732955933,
    1.6761729717254639,
    1.3224440813064575,
    1.3010026216506958,
    1.3488057851791382,
    1.434560775756836,
    1.2750651836395264,
    1.2500557899475098,
    1.274748682975769,
    1.20183265209198,
    1.1647343635559082,
    1.1701786518096924,
    1.1701173782348633,
    1.1683024168014526,
    1.222859263420105,
    1.290627121925354,
    1.2297427654266357,
    1.5061793327331543,
    1.186603307723999,
    1.0754629373550415,
    1.3799004554748535,
    1.2420830726623535,
    1.2260615825653076,
    1.5087120532989502,
    1.3315011262893677,
    1.172594666481018,
    1.2017444372177124,
    1.1999669075012207,
    1.2430037260055542,
    1.1926243305206299,
    1.2613660097122192,
    1.1715928316116333,
    1.1775915622711182,
    1.1813385486602783,
    1.3614217042922974,
    1.158687710762024
  ],
  "train_r2": [
    -8.730308532714844,
    -5.351569652557373,
    -0.7370048761367798,
    -0.10856890678405762,
    0.2571534514427185,
    0.2886545658111572,
    0.2731565237045288,
    0.32382625341415405,
    0.3299439549446106,
    0.33199506998062134,
    0.3079156279563904,
    0.09458065032958984,
    0.35604792833328247,
    0.4896472692489624,
    0.3373791575431824,
    0.4682438373565674,
    0.2079378366470337,
    0.4150387644767761,
    0.38768476247787476,
    0.5248183608055115,
    0.5975537300109863,
    0.43432241678237915,
    0.5848535299301147,
    0.6257113218307495,
    0.6405825018882751,
    0.6728071570396423,
    0.6817000508308411,
    0.6736825108528137,
    0.6887664794921875,
    0.6879521012306213,
    0.7177038788795471,
    0.6869139075279236,
    0.6593043804168701,
    0.496767520904541,
    0.6768327951431274,
    0.7258287668228149,
    0.7131693363189697,
    0.7623618245124817,
    0.8188315033912659,
    0.5731773376464844,
    0.7068336606025696,
    0.7635461091995239,
    0.8105514049530029,
    0.835345983505249,
    0.8458991646766663,
    0.862770676612854,
    0.8418564796447754,
    0.8670138120651245,
    0.8772579431533813,
    0.8761478066444397,
    0.7856512069702148,
    0.7296133041381836
  ],
  "val_r2": [
    -14.53425121307373,
    -9.484366416931152,
    -2.2180778980255127,
    -0.9636825323104858,
    -0.41805529594421387,
    -0.302562952041626,
    -0.48847711086273193,
    -0.40428733825683594,
    -0.39792490005493164,
    -0.39305543899536133,
    -0.4879593849182129,
    -0.8795137405395508,
    -0.3606456518173218,
    -0.1910099983215332,
    -0.8486378192901611,
    -0.4170786142349243,
    -0.9600274562835693,
    -0.9736464023590088,
    -0.13988828659057617,
    -0.2160353660583496,
    -0.3327850103378296,
    -0.6369630098342896,
    -0.310680627822876,
    -0.2913527488708496,
    -0.34518516063690186,
    -0.2350400686264038,
    -0.16583311557769775,
    -0.17871952056884766,
    -0.18186688423156738,
    -0.17641758918762207,
    -0.2656804323196411,
    -0.3577362298965454,
    -0.1552830934524536,
    -0.8047999143600464,
    -0.008580446243286133,
    0.01933443546295166,
    -0.46299564838409424,
    -0.1825549602508545,
    -0.2243654727935791,
    -0.7348532676696777,
    -0.33347880840301514,
    -0.0535883903503418,
    -0.15319955348968506,
    -0.09638285636901855,
    -0.20831167697906494,
    -0.13983380794525146,
    -0.3081216812133789,
    -0.09632003307342529,
    -0.09437477588653564,
    -0.11419260501861572,
    -0.46280789375305176,
    -0.08724212646484375
  ],