{
  "train_mse": 0.7147261500358582,
  "train_mae": 0.6773791313171387,
  "train_rmse": 0.8454147798778172,
  "train_r2": 0.7635461091995239,
  "val_mse": 2.1943747997283936,
  "val_mae": 1.172594666481018,
  "val_rmse": 1.4813422291045353,
  "val_r2": -0.0535883903503418,
  "mse": 5.186944007873535,
  "mae": 1.8630740642547607,
  "rmse": 2.277486335386787,
  "r2": -0.2598839998245239,
  "test_mse": 5.186944007873535,
  "test_mae": 1.8630740642547607,
  "test_rmse": 2.277486335386787,
  "test_r2": -0.2598839998245239
}