{
  "mse": 4.901443004608154,
  "rmse": 2.213920279641558,
  "mae": 1.8204424381256104,
  "r2": -0.19053709506988525
}