{
  "mse": 5.354820251464844,
  "rmse": 2.314048454865378,
  "mae": 1.895003318786621,
  "r2": -0.30066025257110596
}