{
  "train_mse": 0.36064445972442627,
  "train_mae": 0.44623497128486633,
  "train_rmse": 0.6005368096332033,
  "train_r2": 0.8806874752044678,
  "val_mse": 2.1121881008148193,
  "val_mae": 1.1412022113800049,
  "val_rmse": 1.4533368848325632,
  "val_r2": -0.014127969741821289,
  "mse": 4.032721042633057,
  "mae": 1.6091002225875854,
  "rmse": 2.008163599568784,
  "r2": 0.020471274852752686,
  "test_mse": 4.032721042633057,
  "test_mae": 1.6091002225875854,
  "test_rmse": 2.008163599568784,
  "test_r2": 0.020471274852752686
}