{
  "train_mse": 0.56263267993927,
  "train_mae": 0.38431647419929504,
  "train_rmse": 0.7500884480774718,
  "train_r2": -0.015604496002197266,
  "val_mse": 0.6022853255271912,
  "val_mae": 0.46955406665802,
  "val_rmse": 0.7760704385087678,
  "val_r2": -0.12301886081695557,
  "mse": 0.4474630355834961,
  "mae": 0.3085181713104248,
  "rmse": 0.6689267789403383,
  "r2": -0.07136547565460205,
  "test_mse": 0.4474630355834961,
  "test_mae": 0.3085181713104248,
  "test_rmse": 0.6689267789403383,
  "test_r2": -0.07136547565460205
}