{
  "train_loss": [
    0.599441185593605,
    0.4908893033862114,
    0.4544338025152683,
    0.42367377256353694,
    0.4017120736340682,
    0.3793238600095113,
    0.3916613074640433,
    0.3135490243633588,
    0.3178248430291812,
    0.28587842111786205,
    0.355677788456281
  ],
  "val_loss": [
    0.5417177647352218,
    0.5473105341196061,
    0.5550919055938721,
    0.5818214654922486,
    0.6220105201005935,
    0.7792278021574021,
    0.8369705945253372,
    0.946034049987793,
    0.9990496814250946,
    1.0202104449272156,
    0.9279677242040634
  ],
  "train_mae": [
    0.38431647419929504,
    0.3821798264980316,
    0.37940919399261475,
    0.36793142557144165,
    0.3602607250213623,
    0.3511018753051758,
    0.35522711277008057,
    0.3414788842201233,
    0.3314182162284851,
    0.32827699184417725,
    0.3293217122554779
  ],
  "val_mae": [
    0.46955406665802,
    0.4721486270427704,
    0.4875437319278717,
    0.5194528698921204,
    0.5452520251274109,
    0.6580861210823059,
    0.6772945523262024,
    0.7291482090950012,
    0.752846360206604,
    0.7615777850151062,
    0.6979128122329712
  ],
  "train_r2": [
    -0.015604496002197266,
    0.0013469457626342773,
    0.061141908168792725,
    0.16528308391571045,
    0.2692529559135437,
    0.4372257590293884,
    0.477477490901947,
    0.5346378684043884,
    0.5559678077697754,
    0.5624126195907593,
    0.5742620229721069
  ],
  "val_r2": [
    -0.12301886081695557,
    -0.13540101051330566,
    -0.15230000019073486,
    -0.21586668491363525,
    -0.28865814208984375,
    -0.6274237632751465,
    -0.7383041381835938,
    -0.9762351512908936,
    -1.0945920944213867,
    -1.1408355236053467,
    -0.9517213106155396
  ],
  "lr": [
    0.0009755282581475768,
    0.0009045084971874737,
    0.0007938926261462367,
    0.0006545084971874737,
    0.0005,
    0.00034549150281252633,
    0.00020610737385376348,
    9.549150281252633e-05,
    2.4471741852423235e-05,
    0.001,
    0.0009938441702975688
  ]
}