{
  "mse": 45.95512390136719,
  "rmse": 6.779020865978153,
  "mae": 6.366750717163086,
  "r2": -7.506397247314453
}