{
  "train_loss": [
    24.224936326344807,
    13.635850747426352,
    7.247558156649272,
    4.445418397585551,
    4.535602927207947,
    4.249531825383504,
    3.579724888006846,
    3.2540420989195504,
    3.7641255259513855,
    3.4596104621887207,
    3.0471257865428925,
    3.416428486506144,
    3.09237809975942,
    3.292425642410914,
    2.680463274319967
  ],
  "val_loss": [
    33.08145713806152,
    23.698458099365233,
    7.629478073120117,
    3.420690155029297,
    2.31011106967926,
    3.2331623077392577,
    2.9795101165771483,
    2.717920422554016,
    2.7843408584594727,
    2.8933093786239623,
    2.928259754180908,
    2.7642653465270994,
    3.069267821311951,
    3.9283416509628295,
    3.2360546588897705
  ],
  "train_mae": [
    5.254256248474121,
    4.270800590515137,
    1.8900034427642822,
    1.1325383186340332,
    1.0031013488769531,
    1.0439974069595337,
    0.9325336813926697,
    0.8692795038223267,
    0.8422656059265137,
    0.8460302948951721,
    0.8605661988258362,
    0.7793838977813721,
    0.7978385090827942,
    0.9171037673950195,
    0.6813558340072632
  ],
  "val_mae": [
    5.625847339630127,
    4.676734924316406,
    2.3136303424835205,
    1.517956018447876,
    1.2586326599121094,
    1.5003858804702759,
    1.40439772605896,
    1.3531450033187866,
    1.37763512134552,
    1.4043163061141968,
    1.3696579933166504,
    1.3494609594345093,
    1.4864522218704224,
    1.6403332948684692,
    1.4718194007873535
  ],
  "train_r2": [
    -9.122007369995117,
    -5.988014221191406,
    -0.7229404449462891,
    0.3003365993499756,
    0.4971533417701721,
    0.4336971044540405,
    0.5342177152633667,
    0.5963683724403381,
    0.6273972392082214,
    0.6231749057769775,
    0.6075333952903748,
    0.6908613443374634,
    0.6450921297073364,
    0.5759087800979614,
    0.7524021863937378
  ],
  "val_r2": [
    -15.187858581542969,
    -10.3953275680542,
    -2.3369078636169434,
    -0.6020691394805908,
    -0.2154940366744995,
    -0.6061285734176636,
    -0.41338348388671875,
    -0.3467268943786621,
    -0.3947029113769531,
    -0.42946481704711914,
    -0.30667293071746826,
    -0.2898911237716675,
    -0.5460481643676758,
    -0.8959975242614746,
    -0.507432222366333
  ],
  "lr": [
    0.0009755282581475768,
    0.0009045084971874737,
    0.0007938926261462367,
    0.0006545084971874737,
    0.0005,
    0.00034549150281252633,
    0.00020610737385376348,
    9.549150281252633e-05,
    2.4471741852423235e-05,
    0.001,
    0.0009938441702975688,
    0.0009755282581475768,
    0.0009455032620941839,
    0.0009045084971874737,
    0.0008535533905932737
  ]
}