{
  "train_mse": 1.519948124885559,
  "train_mae": 1.0031013488769531,
  "train_rmse": 1.2328617622773281,
  "train_r2": 0.4971533417701721,
  "val_mse": 2.531586170196533,
  "val_mae": 1.2586326599121094,
  "val_rmse": 1.5910959022625044,
  "val_r2": -0.2154940366744995,
  "mse": 4.997002124786377,
  "mae": 1.911095380783081,
  "rmse": 2.235397531712509,
  "r2": -0.21374797821044922,
  "test_mse": 4.997002124786377,
  "test_mae": 1.911095380783081,
  "test_rmse": 2.235397531712509,
  "test_r2": -0.21374797821044922
}