{
  "mse": 4.074770450592041,
  "rmse": 2.018606066222937,
  "mae": 1.6859643459320068,
  "r2": 0.010257720947265625
}